brand_name,model_name,imei_1,imei_2,serial_number,phone_number,purchase_price,installment_price,status,lock_status,selling_price
Tecno,Spark 30,IMEI10001,IMEI20001,SN-DEV-0001,0700000001,10000,15000,AVAILABLE,UNLOCKED,15000
Infinix,Hot 50,IMEI10002,IMEI20002,SN-DEV-0002,0700000002,12000,17500,AVAILABLE,UNLOCKED,17500
Samsung,Galaxy A06,IMEI10003,IMEI20003,SN-DEV-0003,0700000003,14000,20000,AVAILABLE,UNLOCKED,20000
Redmi,A5,IMEI10004,IMEI20004,SN-DEV-0004,0700000004,16000,22500,AVAILABLE,UNLOCKED,22500
Oppo,A3x,IMEI10005,IMEI20005,SN-DEV-0005,0700000005,18000,25000,AVAILABLE,UNLOCKED,25000
Tecno,Spark 30,IMEI10006,IMEI20006,SN-DEV-0006,0700000006,10000,15000,AVAILABLE,UNLOCKED,15000
Infinix,Hot 50,IMEI10007,IMEI20007,SN-DEV-0007,0700000007,12000,17500,AVAILABLE,UNLOCKED,17500
Samsung,Galaxy A06,IMEI10008,IMEI20008,SN-DEV-0008,0700000008,14000,20000,AVAILABLE,UNLOCKED,20000
Redmi,A5,IMEI10009,IMEI20009,SN-DEV-0009,0700000009,16000,22500,AVAILABLE,UNLOCKED,22500
Oppo,A3x,IMEI10010,IMEI20010,SN-DEV-0010,0700000010,18000,25000,AVAILABLE,UNLOCKED,25000
Tecno,Spark 30,IMEI10011,IMEI20011,SN-DEV-0011,0700000011,10000,15000,AVAILABLE,UNLOCKED,15000
Infinix,Hot 50,IMEI10012,IMEI20012,SN-DEV-0012,0700000012,12000,17500,AVAILABLE,UNLOCKED,17500
Samsung,Galaxy A06,IMEI10013,IMEI20013,SN-DEV-0013,0700000013,14000,20000,AVAILABLE,UNLOCKED,20000
Redmi,A5,IMEI10014,IMEI20014,SN-DEV-0014,0700000014,16000,22500,AVAILABLE,UNLOCKED,22500
Oppo,A3x,IMEI10015,IMEI20015,SN-DEV-0015,0700000015,18000,25000,AVAILABLE,UNLOCKED,25000
Tecno,Spark 30,IMEI10016,IMEI20016,SN-DEV-0016,0700000016,10000,15000,AVAILABLE,UNLOCKED,15000
Infinix,Hot 50,IMEI10017,IMEI20017,SN-DEV-0017,0700000017,12000,17500,AVAILABLE,UNLOCKED,17500
Samsung,Galaxy A06,IMEI10018,IMEI20018,SN-DEV-0018,0700000018,14000,20000,AVAILABLE,UNLOCKED,20000
Redmi,A5,IMEI10019,IMEI20019,SN-DEV-0019,0700000019,16000,22500,AVAILABLE,UNLOCKED,22500
Oppo,A3x,IMEI10020,IMEI20020,SN-DEV-0020,0700000020,18000,25000,AVAILABLE,UNLOCKED,25000
Tecno,Spark 30,IMEI10021,IMEI20021,SN-DEV-0021,0700000021,10000,15000,AVAILABLE,UNLOCKED,15000
Infinix,Hot 50,IMEI10022,IMEI20022,SN-DEV-0022,0700000022,12000,17500,AVAILABLE,UNLOCKED,17500
Samsung,Galaxy A06,IMEI10023,IMEI20023,SN-DEV-0023,0700000023,14000,20000,AVAILABLE,UNLOCKED,20000
Redmi,A5,IMEI10024,IMEI20024,SN-DEV-0024,0700000024,16000,22500,AVAILABLE,UNLOCKED,22500
Oppo,A3x,IMEI10025,IMEI20025,SN-DEV-0025,0700000025,18000,25000,AVAILABLE,UNLOCKED,25000
Tecno,Spark 30,IMEI10026,IMEI20026,SN-DEV-0026,0700000026,10000,15000,AVAILABLE,UNLOCKED,15000
Infinix,Hot 50,IMEI10027,IMEI20027,SN-DEV-0027,0700000027,12000,17500,AVAILABLE,UNLOCKED,17500
Samsung,Galaxy A06,IMEI10028,IMEI20028,SN-DEV-0028,0700000028,14000,20000,AVAILABLE,UNLOCKED,20000
Redmi,A5,IMEI10029,IMEI20029,SN-DEV-0029,0700000029,16000,22500,AVAILABLE,UNLOCKED,22500
Oppo,A3x,IMEI10030,IMEI20030,SN-DEV-0030,0700000030,18000,25000,AVAILABLE,UNLOCKED,25000
