brand_name,model_name,imei_1,imei_2,serial_number,phone_number,purchase_price,installment_price,status,lock_status,selling_price,location
itel,A50,IMEI10031,IMEI20031,SN-DEV-0031,710000031,8500,13500,available,unlocked,13500,36.9612|-1.1454
Tecno,Pop 9,IMEI10032,IMEI20032,SN-DEV-0032,710000032,10000,16000,available,unlocked,16000,36.9638|-1.1481
Infinix,Smart 9,IMEI10033,IMEI20033,SN-DEV-0033,710000033,11500,18500,available,unlocked,18500,36.9671|-1.1432
Samsung,Galaxy A05,IMEI10034,IMEI20034,SN-DEV-0034,710000034,13000,21000,available,unlocked,21000,37.0106|-1.1018
Redmi,A3,IMEI10035,IMEI20035,SN-DEV-0035,710000035,14500,19500,available,unlocked,19500,37.0134|-1.0991
Oppo,A3x,IMEI10036,IMEI20036,SN-DEV-0036,710000036,16000,22000,available,unlocked,22000,37.0079|-1.1045
itel,A50,IMEI10037,IMEI20037,SN-DEV-0037,710000037,8500,15500,available,unlocked,15500,37.0836|-1.0477
Tecno,Pop 9,IMEI10038,IMEI20038,SN-DEV-0038,710000038,10000,18000,available,unlocked,18000,37.0872|-1.0504
Infinix,Smart 9,IMEI10039,IMEI20039,SN-DEV-0039,710000039,11500,16500,available,unlocked,16500,37.0808|-1.0441
Samsung,Galaxy A05,IMEI10040,IMEI20040,SN-DEV-0040,710000040,13000,19000,available,unlocked,19000,36.9076|-1.1874
Redmi,A3,IMEI10041,IMEI20041,SN-DEV-0041,710000041,14500,21500,available,unlocked,21500,36.9103|-1.1848
Oppo,A3x,IMEI10042,IMEI20042,SN-DEV-0042,710000042,16000,24000,available,unlocked,24000,36.9049|-1.1901
itel,A50,IMEI10043,IMEI20043,SN-DEV-0043,710000043,8500,13500,available,unlocked,13500,36.8350|-1.1715
Tecno,Pop 9,IMEI10044,IMEI20044,SN-DEV-0044,710000044,10000,16000,available,unlocked,16000,36.8381|-1.1689
Infinix,Smart 9,IMEI10045,IMEI20045,SN-DEV-0045,710000045,11500,18500,available,unlocked,18500,36.8324|-1.1742
Samsung,Galaxy A05,IMEI10046,IMEI20046,SN-DEV-0046,710000046,13000,21000,available,unlocked,21000,36.9601|-1.1427
Redmi,A3,IMEI10047,IMEI20047,SN-DEV-0047,710000047,14500,19500,available,unlocked,19500,36.9650|-1.1462
Oppo,A3x,IMEI10048,IMEI20048,SN-DEV-0048,710000048,16000,22000,available,unlocked,22000,36.9690|-1.1490
itel,A50,IMEI10049,IMEI20049,SN-DEV-0049,710000049,8500,15500,available,unlocked,15500,37.0091|-1.0987
Tecno,Pop 9,IMEI10050,IMEI20050,SN-DEV-0050,710000050,10000,18000,available,unlocked,18000,37.0142|-1.1033
Infinix,Smart 9,IMEI10051,IMEI20051,SN-DEV-0051,710000051,11500,16500,available,unlocked,16500,37.0117|-1.1060
Samsung,Galaxy A05,IMEI10052,IMEI20052,SN-DEV-0052,710000052,13000,19000,available,unlocked,19000,37.0848|-1.0452
Redmi,A3,IMEI10053,IMEI20053,SN-DEV-0053,710000053,14500,21500,available,unlocked,21500,37.0885|-1.0489
Oppo,A3x,IMEI10054,IMEI20054,SN-DEV-0054,710000054,16000,24000,available,unlocked,24000,37.0819|-1.0517
itel,A50,IMEI10055,IMEI20055,SN-DEV-0055,710000055,8500,13500,available,unlocked,13500,36.9062|-1.1851
Tecno,Pop 9,IMEI10056,IMEI20056,SN-DEV-0056,710000056,10000,16000,available,unlocked,16000,36.9117|-1.1886
Infinix,Smart 9,IMEI10057,IMEI20057,SN-DEV-0057,710000057,11500,18500,available,unlocked,18500,36.9038|-1.1829
Samsung,Galaxy A05,IMEI10058,IMEI20058,SN-DEV-0058,710000058,13000,21000,available,unlocked,21000,36.8367|-1.1698
Redmi,A3,IMEI10059,IMEI20059,SN-DEV-0059,710000059,14500,19500,available,unlocked,19500,36.8311|-1.1729
Oppo,A3x,IMEI10060,IMEI20060,SN-DEV-0060,710000060,16000,22000,available,unlocked,22000,36.8392|-1.1750
